"{""ImportId"":""startDate"",""timeZone"":""Europe/London""},""{""""ImportId"""":""""endDate"""",""""timeZone"""":""""Europe/London""""}"",""{""""ImportId"""":""""QID1_TEXT""""}"",""{""""ImportId"""":""""QID26""""}"",""{""""ImportId"""":""""QID27_TEXT""""}"",""{""""ImportId"""":""""QID2""""}"",""{""""ImportId"""":""""QID3""""}"",""{""""ImportId"""":""""QID24""""}"",""{""""ImportId"""":""""QID25""""}"",""{""""ImportId"""":""""QID6_1""""}"",""{""""ImportId"""":""""QID6_2""""}"",""{""""ImportId"""":""""QID6_3""""}"",""{""""ImportId"""":""""QID6_4""""}"",""{""""ImportId"""":""""QID6_5""""}"",""{""""ImportId"""":""""QID6_6""""}"",""{""""ImportId"""":""""QID6_7""""}"",""{""""ImportId"""":""""QID6_17""""}"",""{""""ImportId"""":""""QID6_18""""}"",""{""""ImportId"""":""""QID6_8""""}"",""{""""ImportId"""":""""QID6_9""""}"",""{""""ImportId"""":""""QID6_10""""}"",""{""""ImportId"""":""""QID6_11""""}"",""{""""ImportId"""":""""QID6_12""""}"",""{""""ImportId"""":""""QID6_13""""}"",""{""""ImportId"""":""""QID6_14""""}"",""{""""ImportId"""":""""QID6_15""""}"",""{""""ImportId"""":""""QID6_16""""}"",""{""""ImportId"""":""""QID6_19""""}"",""{""""ImportId"""":""""QID6_20""""}"",""{""""ImportId"""":""""SC_5zfT4VAI9AojjO6""""}"""
29/08/2021 20:23,29/08/2021 20:27,,Female,,Agree,Agree,,,Somewhat agree,Somewhat agree,Strongly agree,Somewhat agree,Somewhat disagree,Neither agree nor disagree,Neither agree nor disagree,Strongly disagree,Strongly disagree,Somewhat disagree,Strongly disagree,Somewhat agree,Somewhat agree,Neither agree nor disagree,Neither agree nor disagree,Somewhat agree,Neither agree nor disagree,Strongly disagree,Strongly disagree,Somewhat agree,67
14/10/2021 21:49,14/10/2021 21:53,AF007,Female,31,Agree,Agree,Agree,Online,Strongly agree,Strongly agree,Somewhat agree,Somewhat agree,Strongly disagree,Somewhat agree,Strongly agree,Somewhat disagree,Strongly disagree,Somewhat disagree,Strongly disagree,Somewhat agree,Strongly agree,Strongly agree,Somewhat agree,Somewhat agree,Somewhat agree,Strongly disagree,Strongly disagree,Strongly agree,71
15/10/2021 09:48,15/10/2021 09:59,AF009,Male,42,Agree,Agree,Agree,Online,Strongly agree,Strongly agree,Strongly agree,Strongly agree,Strongly agree,Somewhat agree,Somewhat agree,Somewhat disagree,Strongly disagree,Somewhat agree,Somewhat agree,Strongly agree,Neither agree nor disagree,Somewhat agree,Somewhat agree,Somewhat agree,Somewhat disagree,Somewhat disagree,Strongly disagree,Strongly agree,86
15/10/2021 12:31,15/10/2021 12:34,AF006,Female,54,Agree,Agree,Agree,Online,Strongly agree,Strongly agree,Strongly agree,Strongly agree,Somewhat agree,Strongly agree,Strongly agree,Strongly disagree,Strongly disagree,Neither agree nor disagree,Strongly agree,Strongly agree,Somewhat disagree,Strongly agree,Strongly agree,Strongly agree,Strongly disagree,Somewhat agree,Strongly disagree,Strongly agree,95
15/10/2021 14:16,15/10/2021 14:19,AF013,Female,44,Agree,Agree,Agree,Online,Strongly agree,Strongly agree,Strongly agree,Strongly agree,Strongly agree,Strongly agree,Strongly agree,Somewhat disagree,Strongly disagree,Strongly agree,Strongly agree,Strongly agree,Strongly agree,Neither agree nor disagree,Strongly agree,Somewhat agree,Strongly disagree,Strongly disagree,Strongly agree,Neither agree nor disagree,82
16/10/2021 09:24,16/10/2021 09:32,AF004,Male,31,Agree,Agree,Agree,Online,Somewhat agree,Somewhat agree,Strongly agree,Somewhat agree,Somewhat disagree,Somewhat agree,Strongly agree,Strongly agree,Strongly disagree,Strongly disagree,Strongly disagree,Strongly agree,Strongly agree,Strongly agree,Strongly agree,Somewhat agree,Somewhat disagree,Strongly disagree,Strongly disagree,Somewhat disagree,68
16/10/2021 22:16,16/10/2021 22:18,AF001,Female,51,Agree,Agree,Agree,Online,Strongly agree,Strongly agree,Strongly agree,Somewhat agree,Neither agree nor disagree,Somewhat agree,Somewhat agree,Somewhat disagree,Strongly disagree,Somewhat agree,Somewhat agree,Strongly agree,Neither agree nor disagree,Somewhat agree,Somewhat agree,Somewhat agree,Somewhat disagree,Strongly disagree,Strongly disagree,Somewhat agree,81
17/10/2021 08:12,17/10/2021 08:16,AF010,Female,53,Agree,Agree,Agree,Online,Strongly agree,Strongly agree,Somewhat agree,Somewhat agree,Neither agree nor disagree,Somewhat agree,Strongly agree,Strongly disagree,Strongly disagree,Somewhat agree,Strongly agree,Strongly agree,Neither agree nor disagree,Strongly agree,Somewhat agree,Somewhat agree,Strongly disagree,Somewhat agree,Strongly disagree,Somewhat disagree,86
17/10/2021 08:17,17/10/2021 08:21,AF011,Male,58,Agree,Agree,Agree,Online,Somewhat disagree,Somewhat disagree,Somewhat agree,Neither agree nor disagree,Strongly disagree,Somewhat disagree,Strongly disagree,Neither agree nor disagree,Somewhat agree,Somewhat disagree,Strongly disagree,Neither agree nor disagree,Strongly agree,Somewhat disagree,Strongly disagree,Neither agree nor disagree,Somewhat agree,Strongly disagree,Neither agree nor disagree,Somewhat disagree,41
17/10/2021 08:19,17/10/2021 08:23,AF010,Female,53,Agree,Agree,Agree,Online,Strongly agree,Strongly agree,Somewhat agree,Strongly agree,Somewhat agree,Somewhat agree,Strongly agree,Strongly disagree,Strongly disagree,Somewhat agree,Strongly agree,Strongly agree,Neither agree nor disagree,Strongly agree,Somewhat agree,Somewhat agree,Strongly disagree,Somewhat disagree,Strongly disagree,Strongly agree,89
17/10/2021 14:20,17/10/2021 14:25,AF019,Male,68,Agree,Agree,Agree,Online,Strongly agree,Strongly agree,Strongly agree,Strongly agree,Strongly agree,Strongly agree,Strongly agree,Strongly disagree,Strongly disagree,Strongly agree,Strongly agree,Strongly agree,Strongly disagree,Strongly agree,Strongly agree,Strongly agree,Strongly disagree,Somewhat agree,Strongly disagree,Strongly agree,99
18/10/2021 05:35,18/10/2021 05:43,AF018,Female,49,Agree,Agree,Agree,Online,Strongly agree,Strongly agree,Somewhat agree,Strongly agree,Somewhat disagree,Strongly agree,Strongly agree,Strongly disagree,Strongly disagree,Neither agree nor disagree,Strongly agree,Strongly agree,Strongly disagree,Strongly agree,Strongly agree,Somewhat agree,Somewhat disagree,Somewhat agree,Strongly disagree,Strongly agree,91
19/10/2021 11:11,19/10/2021 11:13,AF002,Female,25,Agree,Agree,Agree,Online,Strongly agree,Strongly agree,Somewhat agree,Strongly agree,Strongly agree,Strongly agree,Strongly agree,Somewhat disagree,Strongly disagree,Somewhat agree,Somewhat agree,Strongly agree,Neither agree nor disagree,Strongly agree,Strongly agree,Somewhat agree,Somewhat disagree,Somewhat disagree,Strongly disagree,Somewhat agree,88
19/10/2021 12:17,19/10/2021 12:21,AF022,Female,64,Agree,Agree,Agree,Online,Strongly agree,Strongly agree,Somewhat agree,Somewhat agree,Strongly agree,Strongly agree,Strongly agree,Strongly disagree,Strongly disagree,Somewhat disagree,Somewhat disagree,Strongly disagree,Somewhat agree,Somewhat disagree,Somewhat agree,Strongly agree,Somewhat agree,Somewhat agree,Strongly disagree,Somewhat agree,76
20/10/2021 18:52,20/10/2021 18:54,AF017,Female,29,Agree,Agree,Agree,Online,Strongly agree,Strongly agree,Somewhat agree,Somewhat agree,Strongly agree,Somewhat agree,Strongly agree,Neither agree nor disagree,Strongly disagree,Neither agree nor disagree,Strongly agree,Strongly agree,Neither agree nor disagree,Somewhat agree,Somewhat agree,Somewhat agree,Strongly disagree,Strongly disagree,Strongly disagree,Somewhat agree,83
22/10/2021 17:47,22/10/2021 17:49,AF003,Female,55,Agree,Agree,Agree,Online,Strongly agree,Strongly agree,Strongly agree,Strongly agree,Strongly agree,Strongly agree,Strongly agree,Somewhat disagree,Strongly disagree,Strongly agree,Strongly agree,Strongly agree,Somewhat disagree,Somewhat agree,Strongly agree,Somewhat agree,Somewhat disagree,Somewhat agree,Strongly disagree,Strongly agree,94
27/10/2021 16:30,27/10/2021 16:34,AF027,Female,54,Agree,Agree,Disagree,Online,Neither agree nor disagree,Somewhat disagree,Somewhat agree,Somewhat disagree,Somewhat disagree,Somewhat disagree,Strongly disagree,Strongly agree,Somewhat agree,Neither agree nor disagree,Strongly disagree,Strongly disagree,Strongly agree,Somewhat disagree,Somewhat disagree,Strongly disagree,Somewhat disagree,Strongly disagree,Neither agree nor disagree,Somewhat disagree,40
27/10/2021 17:15,27/10/2021 17:20,AF024,Male,68,Agree,Agree,Agree,Online,Somewhat disagree,Somewhat disagree,Somewhat agree,Somewhat disagree,Strongly disagree,Somewhat disagree,Strongly disagree,Somewhat agree,Neither agree nor disagree,Somewhat disagree,Strongly disagree,Somewhat disagree,Strongly agree,Strongly disagree,Strongly disagree,Neither agree nor disagree,Somewhat agree,Neither agree nor disagree,Neither agree nor disagree,Somewhat agree,42
27/10/2021 17:15,27/10/2021 17:22,AF023,Female,64,Agree,Agree,Agree,Online,Strongly disagree,Somewhat disagree,Neither agree nor disagree,Somewhat disagree,Strongly disagree,Strongly disagree,Strongly disagree,Somewhat agree,Somewhat disagree,Somewhat disagree,Strongly disagree,Strongly disagree,Strongly agree,Somewhat disagree,Strongly disagree,Somewhat disagree,Strongly agree,Strongly disagree,Somewhat disagree,Somewhat agree,37
27/10/2021 19:15,27/10/2021 19:18,AF025,Female,31,Agree,Agree,Agree,Online,Somewhat disagree,Somewhat disagree,Somewhat agree,Strongly disagree,Strongly disagree,Somewhat disagree,Strongly disagree,Strongly agree,Somewhat disagree,Strongly disagree,Strongly disagree,Strongly disagree,Strongly agree,Strongly disagree,Strongly disagree,Strongly disagree,Strongly agree,Strongly disagree,Strongly agree,Somewhat disagree,30
28/10/2021 21:15,28/10/2021 21:21,AF029,Female,51,Agree,Agree,Disagree,Online,Neither agree nor disagree,Somewhat disagree,Somewhat disagree,Neither agree nor disagree,Strongly disagree,Neither agree nor disagree,Neither agree nor disagree,Neither agree nor disagree,Neither agree nor disagree,Somewhat disagree,Strongly disagree,Somewhat disagree,Strongly disagree,Somewhat disagree,Somewhat disagree,Neither agree nor disagree,Neither agree nor disagree,Strongly disagree,Somewhat disagree,Strongly disagree,49
29/10/2021 14:12,29/10/2021 14:14,AF034,Female,24,Agree,Agree,Agree,Online,Strongly disagree,Strongly disagree,Somewhat agree,Somewhat disagree,Strongly disagree,Strongly disagree,Strongly disagree,Somewhat agree,Somewhat agree,Strongly disagree,Strongly disagree,Strongly disagree,Strongly agree,Somewhat disagree,Strongly disagree,Strongly disagree,Strongly agree,Strongly disagree,Somewhat agree,Somewhat disagree,29
29/10/2021 17:07,29/10/2021 17:16,AF033,Male,70,Agree,Agree,Agree,Online,Somewhat disagree,Strongly disagree,Neither agree nor disagree,Strongly disagree,Strongly disagree,Somewhat disagree,Strongly disagree,Neither agree nor disagree,Somewhat disagree,Somewhat disagree,Strongly disagree,Strongly disagree,Strongly agree,Somewhat disagree,Strongly disagree,Somewhat disagree,Neither agree nor disagree,Strongly disagree,Somewhat disagree,Strongly disagree,37
29/10/2021 17:32,29/10/2021 17:38,AF036,Male,74,Agree,Agree,Agree,Online,Somewhat disagree,Somewhat disagree,Somewhat agree,Strongly disagree,Strongly disagree,Somewhat agree,Strongly disagree,Somewhat agree,Somewhat disagree,Somewhat disagree,Strongly disagree,Neither agree nor disagree,Strongly agree,Strongly disagree,Somewhat disagree,Strongly disagree,Neither agree nor disagree,Strongly disagree,Somewhat disagree,Somewhat agree,44
29/10/2021 22:03,29/10/2021 22:31,AF028,Female,55,Agree,Agree,Agree,Online,Neither agree nor disagree,Somewhat disagree,Somewhat agree,Somewhat disagree,Strongly disagree,Strongly disagree,Strongly disagree,Somewhat disagree,Neither agree nor disagree,Strongly disagree,Strongly disagree,Neither agree nor disagree,Strongly agree,Strongly disagree,Strongly disagree,Strongly disagree,Strongly disagree,Strongly disagree,Somewhat agree,Strongly disagree,39
31/10/2021 12:28,31/10/2021 12:33,AF037,Female,71,Agree,Agree,Agree,Online,Strongly disagree,Strongly disagree,Somewhat disagree,Strongly disagree,Strongly disagree,Strongly disagree,Strongly disagree,Strongly disagree,Somewhat disagree,Strongly disagree,Strongly disagree,Strongly disagree,Strongly agree,Somewhat disagree,Strongly disagree,Strongly disagree,Somewhat disagree,Strongly disagree,Somewhat agree,Strongly disagree,33
31/10/2021 13:48,31/10/2021 13:53,AF008,Female,71,Agree,Agree,Agree,Online,Somewhat agree,Somewhat agree,Strongly agree,Somewhat agree,Neither agree nor disagree,Somewhat agree,Somewhat agree,Somewhat disagree,Strongly disagree,Neither agree nor disagree,Neither agree nor disagree,Somewhat agree,Neither agree nor disagree,Strongly agree,Somewhat agree,Somewhat agree,Somewhat disagree,Strongly disagree,Strongly disagree,Somewhat agree,77
03/11/2021 11:21,03/11/2021 11:25,AF035,Female,55,Agree,Agree,Agree,Online,Somewhat disagree,Neither agree nor disagree,Somewhat agree,Somewhat disagree,Somewhat disagree,Neither agree nor disagree,Somewhat disagree,Somewhat agree,Somewhat disagree,Neither agree nor disagree,Strongly disagree,Strongly disagree,Strongly agree,Somewhat disagree,Strongly disagree,Neither agree nor disagree,Somewhat disagree,Strongly disagree,Somewhat disagree,Somewhat agree,49
05/11/2021 08:16,05/11/2021 08:21,AF042,Male,32,Agree,Agree,Agree,Online,Somewhat disagree,Somewhat disagree,Strongly agree,Somewhat disagree,Strongly disagree,Somewhat agree,Somewhat disagree,Somewhat agree,Somewhat disagree,Somewhat disagree,Strongly disagree,Somewhat disagree,Strongly agree,Somewhat agree,Somewhat disagree,Somewhat disagree,Somewhat agree,Somewhat disagree,Somewhat disagree,Somewhat disagree,48
05/11/2021 14:21,05/11/2021 14:29,AF030,Female,54,Agree,Agree,Agree,Online,Strongly disagree,Strongly disagree,Somewhat disagree,Strongly disagree,Strongly disagree,Somewhat disagree,Strongly disagree,Strongly agree,Neither agree nor disagree,Strongly disagree,Strongly disagree,Strongly disagree,Strongly agree,Somewhat disagree,Strongly disagree,Strongly disagree,Somewhat disagree,Strongly disagree,Somewhat agree,Somewhat disagree,30
05/11/2021 15:04,05/11/2021 15:07,AF052,Female,42,Agree,Agree,Agree,Online,Somewhat agree,Somewhat agree,Somewhat agree,Somewhat agree,Somewhat disagree,Somewhat disagree,Neither agree nor disagree,Strongly disagree,Somewhat agree,Somewhat disagree,Somewhat disagree,Somewhat agree,Strongly agree,Somewhat agree,Neither agree nor disagree,Somewhat agree,Neither agree nor disagree,Somewhat disagree,Neither agree nor disagree,Somewhat disagree,60
05/11/2021 18:12,05/11/2021 18:15,AF051,Female,42,Agree,Agree,Agree,Online,Strongly disagree,Strongly disagree,Somewhat agree,Strongly disagree,Strongly disagree,Strongly disagree,Strongly disagree,Somewhat agree,Neither agree nor disagree,Strongly disagree,Strongly disagree,Strongly disagree,Strongly agree,Strongly disagree,Strongly disagree,Strongly disagree,Somewhat agree,Strongly disagree,Somewhat agree,Strongly disagree,28
06/11/2021 12:36,06/11/2021 12:41,AF041,Male,55,Agree,Agree,Agree,Online,Somewhat disagree,Somewhat disagree,Somewhat agree,Somewhat disagree,Strongly disagree,Strongly disagree,Strongly disagree,Somewhat agree,Somewhat agree,Strongly disagree,Strongly disagree,Strongly disagree,Strongly agree,Strongly disagree,Strongly disagree,Strongly disagree,Strongly agree,Strongly disagree,Somewhat agree,Strongly disagree,29
06/11/2021 15:38,06/11/2021 15:42,AF053,Male,33,Agree,Agree,Disagree,Online,Somewhat disagree,Somewhat disagree,Neither agree nor disagree,Strongly disagree,Strongly disagree,Somewhat disagree,Strongly disagree,Strongly agree,Neither agree nor disagree,Strongly disagree,Strongly disagree,Somewhat disagree,Strongly agree,Strongly disagree,Strongly disagree,Somewhat disagree,Strongly agree,Strongly disagree,Somewhat agree,Somewhat disagree,31
07/11/2021 15:57,07/11/2021 16:03,AF038,Male,71,Agree,Agree,Agree,Online,Somewhat disagree,Somewhat disagree,Somewhat agree,Strongly disagree,Strongly disagree,Somewhat disagree,Strongly disagree,Neither agree nor disagree,Strongly disagree,Neither agree nor disagree,Strongly disagree,Somewhat disagree,Strongly agree,Somewhat disagree,Neither agree nor disagree,Somewhat disagree,Somewhat agree,Strongly disagree,Somewhat agree,Strongly disagree,41
07/11/2021 21:52,07/11/2021 22:03,AF044,Female,34,Agree,Agree,Disagree,Online,Strongly disagree,Strongly disagree,Neither agree nor disagree,Somewhat disagree,Strongly disagree,Somewhat disagree,Strongly disagree,Somewhat disagree,Somewhat agree,Strongly disagree,Strongly disagree,Strongly disagree,Strongly agree,Somewhat disagree,Strongly disagree,Somewhat disagree,Strongly agree,Strongly disagree,Somewhat disagree,Somewhat agree,36
08/11/2021 14:21,08/11/2021 14:32,AF061,Female,67,Agree,Agree,Agree,Online,Neither agree nor disagree,Somewhat disagree,Somewhat disagree,Somewhat disagree,Strongly disagree,Somewhat disagree,Strongly disagree,Somewhat agree,Neither agree nor disagree,Somewhat disagree,Strongly disagree,Neither agree nor disagree,Strongly agree,Strongly disagree,Strongly disagree,Strongly disagree,Somewhat agree,Strongly disagree,Somewhat disagree,Somewhat disagree,37
08/11/2021 15:30,08/11/2021 15:33,AF060,Female,61,Agree,Agree,Agree,Online,Somewhat agree,Somewhat agree,Neither agree nor disagree,Somewhat agree,Somewhat disagree,Strongly agree,Somewhat agree,Strongly disagree,Strongly disagree,Somewhat agree,Somewhat agree,Neither agree nor disagree,Strongly agree,Strongly agree,Somewhat agree,Somewhat agree,Somewhat agree,Neither agree nor disagree,Strongly disagree,Strongly agree,76
08/11/2021 23:13,08/11/2021 23:17,AF055,Male,55,Agree,Agree,Disagree,Online,Neither agree nor disagree,Somewhat disagree,Somewhat agree,Strongly disagree,Strongly disagree,Somewhat disagree,Strongly disagree,Strongly agree,Neither agree nor disagree,Strongly disagree,Strongly disagree,Neither agree nor disagree,Strongly agree,Strongly disagree,Strongly disagree,Strongly disagree,Somewhat disagree,Strongly disagree,Somewhat agree,Somewhat disagree,36
09/11/2021 08:54,09/11/2021 08:58,AF 062,Male,69,Agree,Agree,Agree,Online,Somewhat disagree,Neither agree nor disagree,Strongly agree,Somewhat disagree,Strongly disagree,Neither agree nor disagree,Somewhat disagree,Somewhat agree,Neither agree nor disagree,Somewhat disagree,Somewhat disagree,Somewhat disagree,Strongly agree,Strongly disagree,Neither agree nor disagree,Somewhat agree,Neither agree nor disagree,Strongly disagree,Neither agree nor disagree,Somewhat disagree,47
09/11/2021 11:00,09/11/2021 11:03,AF057,Male,38,Agree,Agree,Agree,In person (at University of Stirling),Somewhat disagree,Somewhat disagree,Somewhat agree,Somewhat disagree,Strongly disagree,Somewhat disagree,Somewhat disagree,Neither agree nor disagree,Neither agree nor disagree,Neither agree nor disagree,Strongly disagree,Strongly disagree,Somewhat agree,Strongly disagree,Strongly disagree,Somewhat disagree,Neither agree nor disagree,Strongly disagree,Neither agree nor disagree,Somewhat disagree,41
09/11/2021 16:02,09/11/2021 16:05,AF016,Female,23,Agree,Agree,Agree,Online,Strongly agree,Strongly agree,Strongly agree,Strongly agree,Strongly agree,Strongly agree,Strongly agree,Strongly agree,Strongly disagree,Somewhat agree,Somewhat agree,Strongly agree,Somewhat disagree,Somewhat agree,Strongly agree,Strongly agree,Strongly agree,Somewhat agree,Strongly disagree,Somewhat agree,86
09/11/2021 20:10,09/11/2021 20:14,AF059,Male,54,Agree,Agree,Agree,Online,Neither agree nor disagree,Neither agree nor disagree,Somewhat agree,Neither agree nor disagree,Strongly disagree,Somewhat disagree,Somewhat disagree,Neither agree nor disagree,Neither agree nor disagree,Somewhat disagree,Somewhat disagree,Neither agree nor disagree,Strongly disagree,Strongly disagree,Neither agree nor disagree,Somewhat disagree,Somewhat disagree,Somewhat disagree,Neither agree nor disagree,Somewhat disagree,53
09/11/2021 23:06,09/11/2021 23:13,AF020,Male,22,Agree,Agree,Agree,Online,Somewhat agree,Neither agree nor disagree,Somewhat agree,Strongly agree,Strongly agree,Somewhat agree,Somewhat agree,Somewhat disagree,Somewhat disagree,Neither agree nor disagree,Neither agree nor disagree,Somewhat agree,Strongly agree,Neither agree nor disagree,Somewhat agree,Somewhat agree,Neither agree nor disagree,Somewhat disagree,Neither agree nor disagree,Somewhat agree,71
10/11/2021 21:06,10/11/2021 21:10,AF031,Female,57,Agree,Agree,Agree,Online,Neither agree nor disagree,Strongly disagree,Somewhat disagree,Strongly disagree,Strongly disagree,Strongly disagree,Strongly disagree,Strongly agree,Neither agree nor disagree,Strongly disagree,Strongly disagree,Strongly disagree,Strongly agree,Strongly disagree,Strongly disagree,Strongly disagree,Neither agree nor disagree,Strongly disagree,Neither agree nor disagree,Somewhat disagree,30
11/11/2021 22:26,12/11/2021 08:44,AF015,Female,60,Agree,Agree,Agree,Online,Somewhat agree,Strongly agree,Somewhat agree,Strongly agree,Strongly agree,Strongly agree,Strongly agree,Strongly disagree,Strongly disagree,Somewhat agree,Strongly disagree,Strongly agree,Strongly disagree,Strongly agree,Strongly agree,Strongly disagree,Neither agree nor disagree,Strongly agree,Strongly disagree,Strongly agree,87
12/11/2021 15:49,12/11/2021 15:51,AF040,Female,24,Agree,Agree,Agree,Online,Strongly disagree,Strongly disagree,Strongly agree,Somewhat disagree,Somewhat disagree,Strongly disagree,Strongly disagree,Somewhat agree,Strongly agree,Somewhat disagree,Strongly disagree,Strongly disagree,Strongly agree,Somewhat disagree,Strongly disagree,Strongly disagree,Somewhat agree,Strongly disagree,Somewhat agree,Strongly disagree,31
12/11/2021 20:32,12/11/2021 20:37,AF054,Male,52,Agree,Agree,Agree,Online,Strongly disagree,Strongly disagree,Neither agree nor disagree,Somewhat disagree,Strongly disagree,Somewhat disagree,Strongly disagree,Neither agree nor disagree,Somewhat disagree,Somewhat disagree,Strongly disagree,Somewhat disagree,Strongly agree,Strongly disagree,Strongly disagree,Somewhat disagree,Somewhat agree,Strongly disagree,Neither agree nor disagree,Somewhat disagree,36
12/11/2021 21:46,12/11/2021 21:49,AF067,Male,22,Agree,Agree,Agree,Online,Strongly disagree,Strongly disagree,Somewhat agree,Strongly disagree,Strongly disagree,Strongly disagree,Strongly disagree,Somewhat disagree,Somewhat agree,Strongly disagree,Strongly disagree,Somewhat disagree,Somewhat agree,Somewhat disagree,Strongly disagree,Strongly disagree,Somewhat agree,Strongly disagree,Somewhat disagree,Somewhat disagree,35
15/11/2021 14:40,15/11/2021 14:44,AF068,Female,22,Agree,Agree,Agree,Online,Somewhat disagree,Strongly disagree,Neither agree nor disagree,Somewhat disagree,Strongly disagree,Strongly disagree,Strongly disagree,Somewhat agree,Somewhat agree,Strongly disagree,Strongly disagree,Strongly disagree,Strongly disagree,Strongly disagree,Strongly disagree,Strongly disagree,Somewhat agree,Strongly disagree,Somewhat agree,Somewhat disagree,33
15/11/2021 15:10,15/11/2021 15:12,AF058,Male,21,Agree,Agree,Agree,Online,Strongly disagree,Strongly disagree,Neither agree nor disagree,Strongly disagree,Strongly disagree,Strongly disagree,Strongly disagree,Somewhat agree,Somewhat agree,Strongly disagree,Strongly disagree,Somewhat disagree,Strongly agree,Strongly disagree,Strongly disagree,Strongly disagree,Somewhat agree,Strongly disagree,Neither agree nor disagree,Strongly disagree,28
15/11/2021 15:21,15/11/2021 15:26,AF032,Female,63,Agree,Agree,Agree,Online,Somewhat disagree,Somewhat disagree,Neither agree nor disagree,Neither agree nor disagree,Strongly disagree,Strongly disagree,Strongly disagree,Somewhat disagree,Strongly disagree,Somewhat agree,Strongly disagree,Strongly disagree,Strongly disagree,Neither agree nor disagree,Neither agree nor disagree,Somewhat disagree,Strongly agree,Strongly disagree,Neither agree nor disagree,Somewhat agree,50
16/11/2021 09:38,16/11/2021 09:43,AF069,Female,55,Agree,Agree,Agree,Online,Strongly disagree,Strongly disagree,Neither agree nor disagree,Strongly disagree,Strongly disagree,Somewhat disagree,Strongly disagree,Strongly agree,Somewhat agree,Strongly disagree,Strongly disagree,Strongly disagree,Strongly agree,Strongly disagree,Strongly disagree,Strongly disagree,Somewhat disagree,Strongly disagree,Neither agree nor disagree,Somewhat disagree,30
18/11/2021 18:01,18/11/2021 18:04,AF063,Male,58,Agree,Agree,Agree,Online,Somewhat agree,Somewhat agree,Neither agree nor disagree,Neither agree nor disagree,Somewhat disagree,Somewhat agree,Somewhat agree,Somewhat agree,Somewhat disagree,Neither agree nor disagree,Neither agree nor disagree,Somewhat agree,Strongly agree,Somewhat agree,Neither agree nor disagree,Somewhat agree,Neither agree nor disagree,Strongly disagree,Strongly disagree,Somewhat agree,65
19/11/2021 17:21,19/11/2021 17:25,AF071,Female,69,Agree,Agree,Agree,Online,Neither agree nor disagree,Somewhat disagree,Somewhat agree,Somewhat disagree,Strongly disagree,Strongly disagree,Strongly disagree,Strongly agree,Neither agree nor disagree,Somewhat disagree,Strongly disagree,Strongly disagree,Strongly agree,Strongly disagree,Strongly disagree,Strongly disagree,Somewhat agree,Strongly disagree,Neither agree nor disagree,Somewhat disagree,34
20/11/2021 10:19,20/11/2021 10:23,AF070,Female,70,Agree,Agree,Agree,Online,Neither agree nor disagree,Somewhat disagree,Neither agree nor disagree,Somewhat disagree,Somewhat disagree,Somewhat disagree,Somewhat disagree,Somewhat agree,Somewhat agree,Somewhat disagree,Somewhat disagree,Somewhat disagree,Somewhat agree,Somewhat disagree,Somewhat disagree,Somewhat disagree,Somewhat disagree,Somewhat disagree,Neither agree nor disagree,Somewhat disagree,45
22/11/2021 11:31,22/11/2021 11:34,AF077,Male,32,Agree,Agree,Agree,Online,Neither agree nor disagree,Somewhat disagree,Strongly agree,Somewhat disagree,Strongly disagree,Neither agree nor disagree,Strongly disagree,Somewhat disagree,Neither agree nor disagree,Somewhat disagree,Strongly disagree,Strongly disagree,Strongly agree,Neither agree nor disagree,Somewhat disagree,Somewhat disagree,Neither agree nor disagree,Strongly disagree,Neither agree nor disagree,Somewhat disagree,45
22/11/2021 12:39,22/11/2021 12:41,AF073,Female,57,Agree,Agree,Agree,Online,Somewhat agree,Somewhat agree,Somewhat agree,Somewhat agree,Somewhat disagree,Neither agree nor disagree,Neither agree nor disagree,Somewhat disagree,Strongly disagree,Somewhat agree,Neither agree nor disagree,Somewhat agree,Somewhat agree,Somewhat agree,Neither agree nor disagree,Neither agree nor disagree,Neither agree nor disagree,Strongly disagree,Strongly disagree,Somewhat agree,69
23/11/2021 02:15,23/11/2021 02:18,AF076,Male,31,Agree,Agree,Agree,Online,Somewhat disagree,Somewhat disagree,Somewhat agree,Somewhat disagree,Somewhat agree,Somewhat disagree,Somewhat disagree,Somewhat agree,Neither agree nor disagree,Somewhat disagree,Somewhat disagree,Somewhat disagree,Somewhat agree,Somewhat disagree,Somewhat disagree,Somewhat disagree,Somewhat disagree,Somewhat disagree,Somewhat disagree,Somewhat disagree,49
23/11/2021 12:27,23/11/2021 12:31,AF081,Female,46,Agree,Agree,Agree,Online,Somewhat agree,Somewhat agree,Somewhat agree,Neither agree nor disagree,Somewhat disagree,Somewhat agree,Somewhat disagree,Somewhat disagree,Somewhat disagree,Neither agree nor disagree,Somewhat disagree,Neither agree nor disagree,Somewhat agree,Somewhat agree,Neither agree nor disagree,Neither agree nor disagree,Neither agree nor disagree,Somewhat disagree,Somewhat disagree,Somewhat agree,64
23/11/2021 17:38,23/11/2021 17:41,AF078,Female,51,Agree,Agree,Agree,Online,Neither agree nor disagree,Somewhat agree,Somewhat agree,Neither agree nor disagree,Neither agree nor disagree,Neither agree nor disagree,Somewhat disagree,Neither agree nor disagree,Somewhat disagree,Neither agree nor disagree,Strongly disagree,Neither agree nor disagree,Strongly agree,Neither agree nor disagree,Neither agree nor disagree,Neither agree nor disagree,Somewhat disagree,Strongly disagree,Neither agree nor disagree,Somewhat disagree,56
25/11/2021 18:31,25/11/2021 18:41,AF088,Male,60,Agree,Agree,Agree,Online,Somewhat disagree,Somewhat disagree,Neither agree nor disagree,Somewhat disagree,Somewhat disagree,Somewhat disagree,Strongly disagree,Neither agree nor disagree,Somewhat disagree,Strongly disagree,Strongly disagree,Somewhat disagree,Strongly agree,Strongly disagree,Strongly disagree,Strongly disagree,Somewhat disagree,Strongly disagree,Neither agree nor disagree,Strongly disagree,38
25/11/2021 20:05,25/11/2021 20:08,AF066,Male,24,Agree,Agree,Disagree,Online,Somewhat disagree,Strongly disagree,Somewhat agree,Strongly disagree,Strongly disagree,Somewhat disagree,Somewhat disagree,Strongly agree,Somewhat agree,Somewhat disagree,Strongly disagree,Somewhat disagree,Strongly agree,Strongly disagree,Strongly disagree,Strongly disagree,Somewhat agree,Strongly disagree,Somewhat agree,Somewhat disagree,32
26/11/2021 15:55,26/11/2021 16:01,AF091,Female,42,Agree,Agree,Agree,Online,Neither agree nor disagree,Somewhat disagree,Neither agree nor disagree,Strongly disagree,Strongly disagree,Strongly disagree,Strongly disagree,Neither agree nor disagree,Somewhat agree,Neither agree nor disagree,Strongly disagree,Neither agree nor disagree,Strongly agree,Strongly disagree,Strongly disagree,Strongly disagree,Strongly disagree,Strongly disagree,Strongly disagree,Strongly disagree,40
26/11/2021 16:15,26/11/2021 16:20,AF092 ,Female,21,Agree,Agree,Agree,Online,Strongly disagree,Strongly disagree,Somewhat disagree,Strongly disagree,Strongly disagree,Strongly disagree,Strongly disagree,Strongly disagree,Strongly disagree,Strongly disagree,Strongly disagree,Strongly disagree,Strongly agree,Strongly disagree,Strongly disagree,Strongly disagree,Strongly disagree,Strongly disagree,Somewhat disagree,Strongly disagree,36
27/11/2021 15:12,27/11/2021 15:14,AF087,Female,33,Agree,Agree,Agree,Online,Strongly disagree,Strongly disagree,Somewhat agree,Strongly disagree,Strongly disagree,Neither agree nor disagree,Strongly disagree,Somewhat agree,Strongly disagree,Strongly disagree,Strongly disagree,Strongly disagree,Somewhat agree,Strongly disagree,Strongly disagree,Strongly disagree,Neither agree nor disagree,Strongly disagree,Somewhat agree,Neither agree nor disagree,36
30/11/2021 08:08,30/11/2021 08:14,AF093,Female,59,Agree,Agree,Agree,Online,Strongly disagree,Strongly disagree,Somewhat disagree,Strongly disagree,Strongly disagree,Strongly disagree,Strongly disagree,Somewhat agree,Somewhat agree,Strongly disagree,Strongly disagree,Strongly disagree,Strongly agree,Strongly disagree,Strongly disagree,Strongly disagree,Strongly agree,Strongly disagree,Somewhat agree,Somewhat disagree,25
01/12/2021 11:08,01/12/2021 11:11,AF097,Female,63,Agree,Agree,Agree,Online,Strongly disagree,Strongly disagree,Somewhat agree,Somewhat disagree,Somewhat disagree,Neither agree nor disagree,Strongly disagree,Somewhat agree,Somewhat disagree,Somewhat disagree,Strongly disagree,Strongly disagree,Somewhat agree,Neither agree nor disagree,Neither agree nor disagree,Somewhat disagree,Somewhat agree,Somewhat disagree,Neither agree nor disagree,Neither agree nor disagree,44
02/12/2021 12:02,02/12/2021 12:04,AF080,Female,25,Agree,Agree,Agree,Online,Somewhat agree,Somewhat agree,Somewhat agree,Somewhat agree,Neither agree nor disagree,Somewhat disagree,Somewhat agree,Somewhat disagree,Somewhat disagree,Somewhat disagree,Strongly disagree,Somewhat agree,Strongly agree,Somewhat agree,Somewhat agree,Somewhat agree,Somewhat agree,Strongly disagree,Somewhat disagree,Somewhat agree,64
02/12/2021 12:03,02/12/2021 12:06,AF098,Male,67,Agree,Agree,Agree,Online,Neither agree nor disagree,Neither agree nor disagree,Somewhat disagree,Somewhat agree,Neither agree nor disagree,Neither agree nor disagree,Somewhat disagree,Neither agree nor disagree,Neither agree nor disagree,Neither agree nor disagree,Neither agree nor disagree,Neither agree nor disagree,Somewhat disagree,Neither agree nor disagree,Neither agree nor disagree,Neither agree nor disagree,Somewhat disagree,Neither agree nor disagree,Somewhat disagree,Neither agree nor disagree,62
02/12/2021 12:06,02/12/2021 12:08,AF082 ,Female,46,Agree,Agree,Agree,Online,Neither agree nor disagree,Strongly disagree,Neither agree nor disagree,Strongly disagree,Strongly disagree,Strongly disagree,Strongly disagree,Neither agree nor disagree,Neither agree nor disagree,Strongly disagree,Strongly disagree,Strongly disagree,Strongly agree,Strongly disagree,Strongly disagree,Strongly disagree,Strongly disagree,Strongly disagree,Neither agree nor disagree,Strongly disagree,34
02/12/2021 14:03,02/12/2021 14:07,AF099,Male,70,Agree,Agree,Agree,Online,Somewhat agree,Somewhat agree,Somewhat agree,Somewhat agree,Somewhat disagree,Strongly agree,Somewhat agree,Strongly disagree,Strongly disagree,Somewhat disagree,Somewhat agree,Strongly agree,Somewhat agree,Neither agree nor disagree,Somewhat agree,Somewhat agree,Somewhat disagree,Strongly disagree,Somewhat disagree,Somewhat agree,74
02/12/2021 14:05,02/12/2021 14:08,AF090,Female,49,Agree,Agree,Agree,Online,Somewhat disagree,Somewhat disagree,Somewhat agree,Somewhat disagree,Strongly disagree,Somewhat disagree,Somewhat disagree,Somewhat agree,Strongly disagree,Somewhat disagree,Strongly disagree,Somewhat disagree,Somewhat agree,Neither agree nor disagree,Somewhat disagree,Somewhat disagree,Neither agree nor disagree,Somewhat disagree,Somewhat agree,Neither agree nor disagree,46
03/12/2021 11:33,03/12/2021 11:39,AF083,Female,54,Agree,Agree,Agree,Online,Strongly disagree,Strongly disagree,Neither agree nor disagree,Strongly disagree,Strongly disagree,Somewhat agree,Strongly disagree,Strongly agree,Strongly agree,Strongly disagree,Strongly disagree,Strongly disagree,Strongly agree,Strongly disagree,Strongly disagree,Strongly disagree,Strongly agree,Strongly disagree,Somewhat disagree,Strongly disagree,28
03/12/2021 12:41,03/12/2021 12:46,AF079,Male,31,Agree,Agree,Agree,Online,Strongly disagree,Strongly disagree,Strongly agree,Strongly disagree,Strongly disagree,Strongly disagree,Strongly disagree,Somewhat agree,Strongly agree,Strongly disagree,Strongly disagree,Strongly disagree,Strongly agree,Strongly disagree,Strongly disagree,Strongly disagree,Somewhat agree,Strongly disagree,Somewhat agree,Strongly disagree,27
04/12/2021 09:11,04/12/2021 09:55,AF096,Female,67,Agree,Agree,Agree,Online,Somewhat agree,Somewhat agree,Somewhat agree,Neither agree nor disagree,Somewhat disagree,Somewhat agree,Somewhat disagree,Somewhat disagree,Strongly disagree,Somewhat disagree,Somewhat disagree,Somewhat agree,Somewhat agree,Strongly agree,Somewhat agree,Neither agree nor disagree,Neither agree nor disagree,Strongly disagree,Strongly disagree,Somewhat agree,67
04/12/2021 10:13,04/12/2021 10:17,AF039,Female,23,Agree,Agree,Agree,Online,Somewhat disagree,Somewhat disagree,Neither agree nor disagree,Somewhat disagree,Strongly disagree,Somewhat disagree,Strongly disagree,Somewhat agree,Neither agree nor disagree,Somewhat disagree,Strongly disagree,Somewhat disagree,Strongly agree,Somewhat disagree,Somewhat disagree,Strongly disagree,Neither agree nor disagree,Strongly disagree,Somewhat agree,Somewhat disagree,37
06/12/2021 17:47,06/12/2021 17:52,AF094,Male,60,Agree,Agree,Agree,Online,Neither agree nor disagree,Somewhat agree,Somewhat agree,Somewhat disagree,Somewhat disagree,Somewhat disagree,Strongly disagree,Strongly agree,Somewhat disagree,Somewhat disagree,Somewhat disagree,Neither agree nor disagree,Strongly agree,Strongly disagree,Somewhat agree,Somewhat agree,Somewhat disagree,Somewhat disagree,Neither agree nor disagree,Somewhat agree,53
06/12/2021 20:40,06/12/2021 20:43,AF075,Female,45,Agree,Agree,Agree,Online,Strongly agree,Strongly agree,Strongly agree,Somewhat agree,Strongly disagree,Somewhat disagree,Strongly agree,Strongly disagree,Strongly disagree,Neither agree nor disagree,Somewhat disagree,Strongly agree,Strongly agree,Strongly disagree,Strongly agree,Somewhat agree,Somewhat disagree,Strongly disagree,Strongly disagree,Somewhat agree,72
08/12/2021 10:31,08/12/2021 10:43,AF100,Female,72,Agree,Agree,Agree,Online,Neither agree nor disagree,Somewhat disagree,Somewhat agree,Somewhat disagree,Somewhat disagree,Somewhat agree,Strongly disagree,Somewhat agree,Neither agree nor disagree,Somewhat disagree,Strongly disagree,Somewhat disagree,Strongly agree,Strongly disagree,Strongly disagree,Somewhat disagree,Somewhat agree,Strongly disagree,Somewhat agree,Somewhat disagree,40
08/12/2021 18:12,08/12/2021 18:20,AF064,Female,62,Agree,Agree,Agree,Online,Somewhat disagree,Strongly disagree,Somewhat disagree,Strongly disagree,Strongly disagree,Strongly disagree,Strongly disagree,Somewhat agree,Neither agree nor disagree,Strongly disagree,Strongly disagree,Somewhat disagree,Strongly disagree,Somewhat disagree,Somewhat disagree,Somewhat disagree,Somewhat agree,Somewhat disagree,Neither agree nor disagree,Neither agree nor disagree,39
10/12/2021 12:51,10/12/2021 12:53,AF085,Female,46,Agree,Agree,Agree,Online,Somewhat agree,Neither agree nor disagree,Somewhat agree,Somewhat disagree,Strongly disagree,Neither agree nor disagree,Strongly disagree,Neither agree nor disagree,Neither agree nor disagree,Somewhat disagree,Strongly disagree,Somewhat disagree,Strongly agree,Somewhat agree,Neither agree nor disagree,Somewhat disagree,Neither agree nor disagree,Strongly disagree,Somewhat disagree,Neither agree nor disagree,50
30/11/2021 14:19,07/12/2021 15:03,AF070,Female,70,Agree,Agree,Agree,Online,,,,,,,,,,,,,,,,,,,,,
07/12/2021 13:58,07/12/2021 13:59,AF079,Male,31,Agree,Agree,Agree,Online,,,,,,,,,,,,,,,,,,,,,
13/12/2021 22:33,13/12/2021 22:33,Af095,Male,42,Agree,Agree,Agree,In person (at University of Stirling),,,,,,,,,,,,,,,,,,,,,
30/12/2021 18:28,30/12/2021 18:30,AF086,Female,62,Agree,Agree,Agree,Online,Somewhat disagree,Somewhat disagree,Somewhat agree,Somewhat disagree,Strongly disagree,Strongly disagree,Strongly disagree,Somewhat agree,Neither agree nor disagree,Somewhat disagree,Strongly disagree,Strongly disagree,Strongly agree,Somewhat disagree,Strongly disagree,Neither agree nor disagree,Somewhat agree,Somewhat disagree,Neither agree nor disagree,Somewhat disagree,38
19/12/2021 20:40,19/12/2021 21:06,AF093,Female,59,Agree,Agree,Agree,Online,,,,,,,,,,,,,,,,,,,,,
02/01/2022 21:34,02/01/2022 21:38,AF095,Male,42,Agree,Agree,Agree,In person (at University of Stirling),Somewhat disagree,Strongly disagree,Strongly disagree,Strongly disagree,Strongly disagree,Strongly disagree,Strongly disagree,Strongly agree,Somewhat agree,Strongly disagree,Strongly disagree,Strongly disagree,Strongly agree,Strongly disagree,Strongly disagree,Strongly disagree,Strongly disagree,Strongly disagree,Somewhat agree,Strongly disagree,27
06/01/2022 14:06,06/01/2022 14:14,AF065,Male,70,Agree,Agree,Agree,Online,Neither agree nor disagree,Neither agree nor disagree,Somewhat agree,Neither agree nor disagree,Somewhat disagree,Neither agree nor disagree,Neither agree nor disagree,Neither agree nor disagree,Strongly disagree,Neither agree nor disagree,Somewhat agree,Neither agree nor disagree,Neither agree nor disagree,Somewhat agree,Somewhat agree,Strongly agree,Neither agree nor disagree,Somewhat agree,Neither agree nor disagree,Strongly agree,70
06/01/2022 17:35,06/01/2022 17:39,AF101,Male,63,Agree,Agree,Agree,Online,Neither agree nor disagree,Neither agree nor disagree,Somewhat agree,Neither agree nor disagree,Strongly disagree,Somewhat agree,Neither agree nor disagree,Somewhat disagree,Somewhat disagree,Neither agree nor disagree,Somewhat disagree,Neither agree nor disagree,Strongly agree,Somewhat agree,Somewhat agree,Somewhat agree,Somewhat agree,Strongly disagree,Neither agree nor disagree,Somewhat agree,60
07/01/2022 11:16,07/01/2022 11:19,AF105,Male,64,Agree,Agree,Agree,Online,Somewhat agree,Somewhat agree,Somewhat agree,Neither agree nor disagree,Somewhat disagree,Somewhat agree,Somewhat agree,Neither agree nor disagree,Somewhat disagree,Neither agree nor disagree,Somewhat agree,Somewhat agree,Strongly agree,Somewhat disagree,Neither agree nor disagree,Somewhat agree,Neither agree nor disagree,Strongly disagree,Neither agree nor disagree,Somewhat agree,64
07/01/2022 12:29,07/01/2022 12:31,AF072,Female,33,Agree,Agree,Agree,Online,Strongly disagree,Strongly disagree,Somewhat disagree,Strongly disagree,Strongly disagree,Strongly disagree,Strongly disagree,Strongly agree,Somewhat agree,Strongly disagree,Strongly disagree,Strongly disagree,Strongly agree,Strongly disagree,Strongly disagree,Strongly disagree,Strongly agree,Strongly disagree,Strongly disagree,Strongly disagree,26
13/01/2022 16:58,13/01/2022 17:04,AF108,Female,48,Agree,Agree,Disagree,Online,Neither agree nor disagree,Somewhat disagree,Somewhat agree,Somewhat disagree,Neither agree nor disagree,Somewhat disagree,Somewhat disagree,Somewhat agree,Somewhat disagree,Somewhat disagree,Somewhat disagree,Somewhat disagree,Strongly agree,Somewhat disagree,Somewhat disagree,Strongly disagree,Somewhat agree,Strongly disagree,Somewhat disagree,Somewhat disagree,45
13/01/2022 17:13,13/01/2022 17:17,AF103,Female,68,Agree,Agree,Agree,Online,Somewhat disagree,Somewhat disagree,Strongly agree,Strongly disagree,Strongly disagree,Strongly disagree,Strongly disagree,Neither agree nor disagree,Somewhat disagree,Strongly disagree,Strongly disagree,Strongly disagree,Strongly agree,Strongly disagree,Strongly disagree,Somewhat disagree,Somewhat agree,Strongly disagree,Somewhat agree,Somewhat disagree,35
31/12/2021 16:13,31/12/2021 16:14,AF086,Female,63,Agree,Agree,Agree,Online,,,,,,,,,,,,,,,,,,,,,
11/02/2022 14:25,11/02/2022 14:31,AF109,Male,60,Agree,Agree,Agree,Online,Strongly disagree,Somewhat disagree,Neither agree nor disagree,Strongly disagree,Strongly disagree,Strongly disagree,Strongly disagree,Somewhat agree,Somewhat agree,Strongly disagree,Strongly disagree,Strongly disagree,Strongly agree,Somewhat agree,Strongly disagree,Strongly disagree,Strongly agree,Strongly disagree,Strongly agree,Strongly disagree,28
04/02/2022 11:05,04/02/2022 15:40,AF095,Male,42,Agree,,,,,,,,,,,,,,,,,,,,,,,,
21/04/2022 20:39,21/04/2022 20:44,AF112,Female,34,Agree,Agree,Agree,Online,Strongly agree,Strongly agree,Strongly agree,Strongly agree,Somewhat agree,Strongly agree,Strongly agree,Strongly disagree,Strongly disagree,Somewhat agree,Somewhat agree,Strongly agree,Neither agree nor disagree,Strongly agree,Strongly agree,Strongly agree,Strongly disagree,Neither agree nor disagree,Strongly disagree,Somewhat agree,92
10/05/2022 13:24,10/05/2022 13:27,AF113,Female,55,Agree,Agree,Agree,Online,Strongly agree,Strongly agree,Strongly agree,Strongly agree,Strongly agree,Strongly agree,Strongly agree,Somewhat disagree,Strongly disagree,Strongly agree,Somewhat agree,Strongly agree,Somewhat agree,Strongly agree,Strongly agree,Strongly agree,Strongly disagree,Somewhat disagree,Strongly disagree,Strongly agree,92
26/05/2022 12:05,26/05/2022 12:08,AF114,Female,46,Agree,Agree,Agree,Online,Strongly agree,Strongly agree,Strongly agree,Strongly agree,Somewhat agree,Strongly agree,Strongly agree,Somewhat disagree,Strongly disagree,Neither agree nor disagree,Somewhat agree,Strongly agree,Somewhat disagree,Strongly agree,Somewhat agree,Strongly agree,Neither agree nor disagree,Neither agree nor disagree,Somewhat disagree,Strongly agree,88
01/07/2022 10:17,01/07/2022 10:22,AF118,Female,29,Agree,Agree,Agree,Online,Strongly agree,Strongly agree,Strongly agree,Strongly agree,Strongly agree,Strongly agree,Strongly agree,Strongly disagree,Strongly disagree,Strongly agree,Somewhat agree,Strongly agree,Somewhat disagree,Strongly agree,Strongly agree,Neither agree nor disagree,Strongly disagree,Somewhat disagree,Strongly disagree,Somewhat agree,92
16/12/2022 16:14,16/12/2022 16:20,AF119,Male,39,Agree,Agree,Agree,Online,Strongly agree,Somewhat agree,Somewhat agree,Strongly agree,Neither agree nor disagree,Strongly agree,Strongly agree,Strongly disagree,Strongly disagree,Strongly disagree,Somewhat agree,Strongly agree,Strongly agree,Somewhat agree,Strongly agree,Somewhat agree,Somewhat agree,Somewhat agree,Strongly disagree,Strongly agree,81
30/01/2023 11:31,30/01/2023 11:34,AF120,Female,60,Agree,Agree,Agree,Online,Strongly agree,Strongly agree,Strongly agree,Strongly agree,Somewhat disagree,Somewhat agree,Strongly agree,Strongly disagree,Strongly disagree,Somewhat disagree,Neither agree nor disagree,Strongly agree,Strongly agree,Strongly agree,Neither agree nor disagree,Somewhat agree,Strongly disagree,Strongly disagree,Strongly disagree,Somewhat agree,79
08/03/2023 21:48,08/03/2023 21:51,AF122,Male,43,Agree,Agree,Agree,Online,Strongly agree,Somewhat agree,Strongly agree,Strongly agree,Somewhat disagree,Strongly agree,Somewhat agree,Somewhat agree,Somewhat disagree,Neither agree nor disagree,Strongly agree,Strongly agree,Strongly agree,Strongly agree,Strongly agree,Somewhat disagree,Strongly disagree,Strongly disagree,Strongly disagree,Somewhat agree,77
20/06/2023 18:10,20/06/2023 18:12,AF123,Female,45,Agree,Agree,Agree,Online,Strongly agree,Somewhat agree,Strongly agree,Strongly agree,Neither agree nor disagree,Somewhat agree,Strongly agree,Somewhat disagree,Strongly disagree,Somewhat agree,Somewhat agree,Strongly agree,Strongly agree,Strongly agree,Somewhat agree,Somewhat agree,Strongly agree,Neither agree nor disagree,Somewhat agree,Strongly agree,78
